PID 300, Arrival 0, CPU 5
PID 301, Arrival 2, CPU 3, IO 6, CPU 1, IO 8
PID 302, Arrival 6, CPU 8, IO 5, CPU 3, IO 12, CPU 11, IO 4, CPU 2
PID 303, Arrival 9, CPU 2, IO 14, CPU 1, IO 2, CPU 11, IO 4, CPU 5, IO 1, CPU 13
PID 304, Arrival 12, CPU 10, IO 14, CPU 5, IO 10, CPU 12, IO 10, CPU 3, IO 12, CPU 8
PID 305, Arrival 14, CPU 13, IO 6, CPU 7, IO 4
PID 306, Arrival 16, CPU 1
PID 307, Arrival 18, CPU 7, IO 14, CPU 10, IO 8, CPU 7, IO 5
PID 308, Arrival 21, CPU 3, IO 1, CPU 13
PID 309, Arrival 25, CPU 14
PID 310, Arrival 28, CPU 9, IO 2, CPU 10, IO 8, CPU 8, IO 2
PID 311, Arrival 30, CPU 1, IO 9, CPU 2, IO 4, CPU 10, IO 13, CPU 10, IO 12, CPU 7
PID 312, Arrival 34, CPU 5, IO 14
PID 313, Arrival 36, CPU 3, IO 7, CPU 1, IO 5
PID 314, Arrival 38, CPU 7, IO 3, CPU 5, IO 8
PID 315, Arrival 40, CPU 9, IO 10, CPU 6, IO 5, CPU 8, IO 9
PID 316, Arrival 44, CPU 7, IO 3, CPU 8, IO 13, CPU 1, IO 3, CPU 14, IO 14
PID 317, Arrival 48, CPU 12, IO 5, CPU 11, IO 7, CPU 4, IO 11, CPU 9
PID 318, Arrival 51, CPU 14, IO 11, CPU 2, IO 2, CPU 2, IO 10, CPU 8, IO 11, CPU 4
PID 319, Arrival 54, CPU 10, IO 13
PID 320, Arrival 57, CPU 12, IO 8, CPU 6, IO 10, CPU 1
PID 321, Arrival 59, CPU 1, IO 14, CPU 4, IO 10, CPU 11, IO 14, CPU 2, IO 3
PID 322, Arrival 63, CPU 7, IO 12, CPU 10, IO 4, CPU 1
PID 323, Arrival 67, CPU 7, IO 9
PID 324, Arrival 71, CPU 10, IO 13
PID 325, Arrival 75, CPU 14, IO 3, CPU 10, IO 10, CPU 10, IO 10, CPU 7, IO 6
PID 326, Arrival 78, CPU 3, IO 9, CPU 9, IO 5, CPU 10, IO 14
PID 327, Arrival 81, CPU 10, IO 4, CPU 5, IO 12, CPU 9, IO 8, CPU 5, IO 10, CPU 10
PID 328, Arrival 85, CPU 1, IO 2, CPU 1, IO 8, CPU 10, IO 3, CPU 10, IO 12, CPU 1
PID 329, Arrival 89, CPU 2, IO 14, CPU 13, IO 7
PID 330, Arrival 92, CPU 6, IO 4, CPU 11, IO 13, CPU 1, IO 3, CPU 10, IO 14, CPU 1
PID 331, Arrival 94, CPU 9, IO 8, CPU 6, IO 4, CPU 10, IO 10, CPU 5, IO 12, CPU 9
PID 332, Arrival 97, CPU 6, IO 9, CPU 8, IO 3, CPU 13, IO 4
PID 333, Arrival 101, CPU 9, IO 14
PID 334, Arrival 103, CPU 12, IO 5, CPU 7, IO 4
PID 335, Arrival 107, CPU 1, IO 11, CPU 5, IO 7, CPU 7
PID 336, Arrival 109, CPU 2, IO 7, CPU 2, IO 13
PID 337, Arrival 111, CPU 8, IO 3
PID 338, Arrival 115, CPU 1, IO 8, CPU 1, IO 2, CPU 12, IO 14, CPU 7
PID 339, Arrival 118, CPU 8, IO 5, CPU 5, IO 3, CPU 4, IO 13, CPU 14, IO 7, CPU 2
PID 340, Arrival 121, CPU 9, IO 4, CPU 7, IO 12
PID 341, Arrival 124, CPU 14, IO 3, CPU 13, IO 10, CPU 12
PID 342, Arrival 127, CPU 8, IO 4, CPU 10, IO 4, CPU 13, IO 8, CPU 11
PID 343, Arrival 131, CPU 12
PID 344, Arrival 133, CPU 9
PID 345, Arrival 137, CPU 12, IO 5, CPU 14
PID 346, Arrival 141, CPU 10, IO 14, CPU 6, IO 11, CPU 1, IO 11, CPU 8, IO 5, CPU 6
PID 347, Arrival 143, CPU 3, IO 1, CPU 14, IO 8, CPU 1, IO 9
PID 348, Arrival 147, CPU 2, IO 1, CPU 9, IO 7, CPU 8
PID 349, Arrival 150, CPU 12, IO 4, CPU 8, IO 2, CPU 10, IO 1, CPU 4, IO 10, CPU 3
PID 350, Arrival 154, CPU 1
PID 351, Arrival 158, CPU 6, IO 11, CPU 4, IO 2, CPU 5, IO 6, CPU 10
PID 352, Arrival 162, CPU 1, IO 4, CPU 10, IO 13, CPU 1, IO 14, CPU 3, IO 4
PID 353, Arrival 165, CPU 10, IO 7, CPU 2
PID 354, Arrival 169, CPU 9, IO 10, CPU 2, IO 12, CPU 14, IO 10
PID 355, Arrival 172, CPU 5, IO 2, CPU 5, IO 9, CPU 10
PID 356, Arrival 174, CPU 2, IO 5, CPU 2, IO 14, CPU 3, IO 4
PID 357, Arrival 177, CPU 3
PID 358, Arrival 181, CPU 9, IO 12, CPU 2
PID 359, Arrival 183, CPU 4, IO 12, CPU 10, IO 5, CPU 1, IO 3, CPU 10, IO 12, CPU 5
PID 360, Arrival 186, CPU 2, IO 1, CPU 2, IO 4, CPU 7, IO 14, CPU 5, IO 7, CPU 7
PID 361, Arrival 188, CPU 1, IO 9, CPU 1, IO 12, CPU 9, IO 13, CPU 10, IO 13, CPU 10
PID 362, Arrival 192, CPU 14, IO 5, CPU 2, IO 13, CPU 1, IO 3, CPU 4, IO 4
PID 363, Arrival 196, CPU 14, IO 8, CPU 1
PID 364, Arrival 198, CPU 13, IO 11, CPU 8, IO 12, CPU 4, IO 4, CPU 2, IO 9
PID 365, Arrival 201, CPU 5, IO 14, CPU 10, IO 10, CPU 2, IO 13, CPU 11, IO 12
PID 366, Arrival 205, CPU 10, IO 4, CPU 10, IO 7, CPU 8
PID 367, Arrival 208, CPU 13, IO 12, CPU 7, IO 9
PID 368, Arrival 210, CPU 14, IO 1, CPU 9, IO 14, CPU 2, IO 11
PID 369, Arrival 214, CPU 5, IO 7, CPU 4, IO 14, CPU 12, IO 6, CPU 3, IO 1
PID 370, Arrival 218, CPU 13, IO 8, CPU 4, IO 9, CPU 11, IO 7
PID 371, Arrival 220, CPU 7, IO 10, CPU 4, IO 6, CPU 1, IO 14, CPU 4, IO 8
PID 372, Arrival 223, CPU 4, IO 9, CPU 1, IO 13, CPU 6
PID 373, Arrival 225, CPU 14, IO 12
PID 374, Arrival 229, CPU 9, IO 3, CPU 4, IO 12
PID 375, Arrival 232, CPU 2, IO 14
PID 376, Arrival 236, CPU 3, IO 10
PID 377, Arrival 238, CPU 8, IO 7, CPU 11
PID 378, Arrival 242, CPU 8, IO 10, CPU 4
PID 379, Arrival 245, CPU 6, IO 14
PID 380, Arrival 247, CPU 13, IO 10, CPU 2, IO 11, CPU 3
PID 381, Arrival 250, CPU 5
PID 382, Arrival 252, CPU 7, IO 14, CPU 10, IO 14, CPU 3, IO 2, CPU 3, IO 6
PID 383, Arrival 255, CPU 2, IO 13
PID 384, Arrival 257, CPU 11, IO 5, CPU 5, IO 10, CPU 13, IO 14
PID 385, Arrival 261, CPU 9, IO 12, CPU 13
PID 386, Arrival 263, CPU 7, IO 6, CPU 2
PID 387, Arrival 266, CPU 10, IO 8, CPU 11, IO 2, CPU 6, IO 2
PID 388, Arrival 269, CPU 14, IO 14, CPU 6, IO 3, CPU 7, IO 4, CPU 9
PID 389, Arrival 272, CPU 5, IO 7, CPU 1, IO 1, CPU 7
PID 390, Arrival 275, CPU 7, IO 6, CPU 12, IO 6, CPU 7, IO 14
PID 391, Arrival 278, CPU 9, IO 2, CPU 10
PID 392, Arrival 282, CPU 13, IO 4, CPU 10, IO 10, CPU 4, IO 10
PID 393, Arrival 286, CPU 5, IO 13, CPU 2, IO 4, CPU 11, IO 12
PID 394, Arrival 290, CPU 11, IO 6
PID 395, Arrival 293, CPU 10, IO 12, CPU 7, IO 7, CPU 3, IO 14, CPU 6
PID 396, Arrival 296, CPU 14, IO 12
PID 397, Arrival 299, CPU 10, IO 7
PID 398, Arrival 301, CPU 6, IO 1, CPU 1, IO 7, CPU 7, IO 7, CPU 7, IO 6
PID 399, Arrival 305, CPU 6, IO 3, CPU 9, IO 11, CPU 14, IO 11, CPU 10, IO 9
PID 400, Arrival 309, CPU 6, IO 2, CPU 12, IO 5, CPU 12
PID 401, Arrival 313, CPU 11, IO 12, CPU 11, IO 4
PID 402, Arrival 317, CPU 14, IO 6, CPU 10, IO 1
PID 403, Arrival 321, CPU 4, IO 4, CPU 4, IO 2
PID 404, Arrival 325, CPU 1, IO 11, CPU 4, IO 9
PID 405, Arrival 327, CPU 14, IO 7, CPU 10, IO 3, CPU 1, IO 10, CPU 9
PID 406, Arrival 329, CPU 14, IO 10, CPU 12, IO 8, CPU 13, IO 6, CPU 7, IO 8
PID 407, Arrival 332, CPU 7, IO 9, CPU 1
PID 408, Arrival 334, CPU 3, IO 2, CPU 10
PID 409, Arrival 338, CPU 10, IO 2, CPU 8, IO 13, CPU 1, IO 7, CPU 7, IO 9
PID 410, Arrival 341, CPU 5, IO 9
PID 411, Arrival 343, CPU 4, IO 1, CPU 12, IO 5, CPU 8, IO 7
PID 412, Arrival 346, CPU 5, IO 1, CPU 4, IO 12, CPU 9, IO 4, CPU 9
PID 413, Arrival 349, CPU 10, IO 4, CPU 6, IO 9, CPU 4, IO 14, CPU 7, IO 8
PID 414, Arrival 351, CPU 2, IO 7, CPU 3, IO 10, CPU 8, IO 9, CPU 12, IO 3
PID 415, Arrival 354, CPU 7, IO 10, CPU 2, IO 11, CPU 14, IO 2, CPU 1, IO 4, CPU 8
PID 416, Arrival 358, CPU 14, IO 10, CPU 5, IO 9, CPU 2, IO 8, CPU 12
PID 417, Arrival 361, CPU 9, IO 12, CPU 6
PID 418, Arrival 363, CPU 4
PID 419, Arrival 367, CPU 10, IO 3, CPU 4, IO 9, CPU 9, IO 3, CPU 14
PID 420, Arrival 369, CPU 9, IO 9, CPU 12, IO 1, CPU 10, IO 5, CPU 4, IO 11, CPU 12
PID 421, Arrival 373, CPU 4, IO 1, CPU 11
PID 422, Arrival 377, CPU 6, IO 12, CPU 14, IO 9, CPU 4
PID 423, Arrival 379, CPU 4, IO 9, CPU 6, IO 2, CPU 14
PID 424, Arrival 383, CPU 6, IO 10, CPU 8, IO 1, CPU 9
PID 425, Arrival 386, CPU 7, IO 10, CPU 11, IO 7, CPU 13
PID 426, Arrival 390, CPU 5, IO 11, CPU 4, IO 4, CPU 6, IO 4
PID 427, Arrival 392, CPU 6, IO 12, CPU 14, IO 4, CPU 4
PID 428, Arrival 396, CPU 10, IO 14, CPU 1, IO 10, CPU 14
PID 429, Arrival 399, CPU 7, IO 1, CPU 12, IO 1, CPU 11, IO 4, CPU 13
PID 430, Arrival 403, CPU 4, IO 6, CPU 12, IO 12, CPU 5, IO 10, CPU 1, IO 7
PID 431, Arrival 406, CPU 9
PID 432, Arrival 408, CPU 6, IO 14
PID 433, Arrival 410, CPU 6, IO 12, CPU 7, IO 4
PID 434, Arrival 413, CPU 11, IO 1, CPU 5, IO 13, CPU 12, IO 2, CPU 13, IO 4, CPU 11
PID 435, Arrival 415, CPU 3, IO 13, CPU 6, IO 13, CPU 4, IO 4, CPU 7, IO 7
PID 436, Arrival 419, CPU 6
PID 437, Arrival 421, CPU 1, IO 7, CPU 11
PID 438, Arrival 423, CPU 1, IO 1, CPU 3, IO 1, CPU 9, IO 3, CPU 11
PID 439, Arrival 427, CPU 6, IO 4, CPU 11
PID 440, Arrival 429, CPU 12, IO 11, CPU 11, IO 2, CPU 13, IO 10, CPU 14
PID 441, Arrival 433, CPU 6, IO 3, CPU 1, IO 11, CPU 13, IO 6, CPU 7, IO 9
PID 442, Arrival 437, CPU 6
PID 443, Arrival 440, CPU 14, IO 14, CPU 4, IO 12, CPU 8, IO 1, CPU 2, IO 14
PID 444, Arrival 442, CPU 11, IO 12, CPU 9, IO 14, CPU 14, IO 14, CPU 3
PID 445, Arrival 444, CPU 12
PID 446, Arrival 448, CPU 13, IO 2, CPU 8
PID 447, Arrival 450, CPU 9, IO 3, CPU 2
PID 448, Arrival 454, CPU 13, IO 10
PID 449, Arrival 457, CPU 12, IO 14, CPU 14, IO 4, CPU 4, IO 1
PID 450, Arrival 461, CPU 12, IO 8, CPU 4, IO 3, CPU 7, IO 10
PID 451, Arrival 463, CPU 1
PID 452, Arrival 467, CPU 1, IO 2, CPU 3, IO 11, CPU 11
PID 453, Arrival 470, CPU 2, IO 4, CPU 12, IO 14
PID 454, Arrival 474, CPU 10, IO 10, CPU 8, IO 6, CPU 3, IO 11
PID 455, Arrival 477, CPU 5
PID 456, Arrival 481, CPU 8, IO 3, CPU 10, IO 12, CPU 12
PID 457, Arrival 483, CPU 11
PID 458, Arrival 485, CPU 14, IO 13
PID 459, Arrival 489, CPU 9, IO 7, CPU 5, IO 3
PID 460, Arrival 492, CPU 13, IO 5, CPU 14, IO 6, CPU 3, IO 10, CPU 9, IO 7
PID 461, Arrival 494, CPU 3, IO 12, CPU 10, IO 1, CPU 7, IO 8, CPU 12, IO 9, CPU 3
PID 462, Arrival 498, CPU 4, IO 10, CPU 12, IO 6, CPU 5, IO 14, CPU 7, IO 14, CPU 12
PID 463, Arrival 501, CPU 10, IO 13, CPU 3
PID 464, Arrival 503, CPU 5, IO 12, CPU 14, IO 13, CPU 4, IO 11, CPU 2, IO 14, CPU 6
PID 465, Arrival 507, CPU 9, IO 14, CPU 5, IO 1, CPU 5, IO 10
PID 466, Arrival 509, CPU 14, IO 11, CPU 4
PID 467, Arrival 511, CPU 2, IO 6
PID 468, Arrival 514, CPU 13
PID 469, Arrival 518, CPU 1, IO 5, CPU 13, IO 1, CPU 2, IO 10
PID 470, Arrival 522, CPU 6, IO 6, CPU 1, IO 11, CPU 10, IO 2
PID 471, Arrival 526, CPU 8, IO 8, CPU 1
PID 472, Arrival 530, CPU 10, IO 12, CPU 11
PID 473, Arrival 533, CPU 8, IO 2
PID 474, Arrival 536, CPU 5, IO 11, CPU 7, IO 7
PID 475, Arrival 540, CPU 7, IO 3, CPU 10, IO 5, CPU 4
PID 476, Arrival 544, CPU 6, IO 12, CPU 10, IO 2, CPU 2, IO 1, CPU 4
PID 477, Arrival 547, CPU 1
PID 478, Arrival 551, CPU 14, IO 4, CPU 3, IO 14, CPU 5, IO 12, CPU 13
PID 479, Arrival 554, CPU 6
PID 480, Arrival 558, CPU 5
PID 481, Arrival 562, CPU 12, IO 8, CPU 6, IO 1, CPU 7
PID 482, Arrival 565, CPU 4, IO 3, CPU 6, IO 1, CPU 2
PID 483, Arrival 568, CPU 4
PID 484, Arrival 572, CPU 3, IO 8, CPU 13, IO 12, CPU 4
PID 485, Arrival 574, CPU 1, IO 9, CPU 5, IO 11
PID 486, Arrival 577, CPU 14, IO 7
PID 487, Arrival 579, CPU 7, IO 13, CPU 4, IO 12, CPU 5